id,value
1,-1.160784397771289
2,0.8257563697540756
3,0.7266845097518844
4,-0.8948305140761378
5,-0.5773469646746716
